asset_id,template_mint,from,transfer_time,bech32_bitcoin_address,img
2199024545956,9,jc.gm,2023-03-26T21:27:25,bc1p5mh2mtrh77tz477lac2vfucetwrwhva4gys6r9wlx887axhzlqyqlxyyld,QmfVzP7hxKdbZYxhGM4vbMJ7DrrXcNWihaTYNHGK8hFGBF
2199024545979,32,mx.eos,2023-03-15T05:40:00,bc1pf32eq9jfa7745768dzkp5ew2mpsp6qv70vwky8zf6xc00g4v3lzsw4yfrl,QmSgspJviW6hV9nEsbf7MTBbV63LZreN8FnqdLy9asDvJw
2199024545992,45,unpack.gems,2023-04-24T13:17:28,bc1pdpw84zm75hnghkdaz65rnct67klr78rsggkdp0f9kcywxrz0rftq02yxnz,QmYW4aAqgcYfqDZKLbwQcPWFCDGnbStw1vMc3U79fa61Bj
2199024545994,47,unpack.gems,2023-04-24T13:17:28,bc1pdpw84zm75hnghkdaz65rnct67klr78rsggkdp0f9kcywxrz0rftq02yxnz,QmSdX8Vca5LWRR6ZPefchP1Vagdhhd6xJqA2pvLsCDCfj7
2199024546012,63,unpack.gems,2023-04-22T20:01:02,bc1pdpw84zm75hnghkdaz65rnct67klr78rsggkdp0f9kcywxrz0rftq02yxnz,QmNj9K64kmz3o3zgPDQ6GMbRBCEkm3Bvu6VZGnMQk8VqdE
2199024546014,65,geytiojugene,2023-03-20T01:49:37,bc1pfvfj3hrh4aezkdfnra0zmxudt0q352rh0lc5kur4qekrv6uncn7q8w8ydj,QmYphHtp4jpF8ZM8DfM7nyczbe2worEU5PittTZhFEWJDU
2199024546023,74,steph,2023-03-15T18:25:32,bc1p932zyz32ttpudfrlc5kuj6kfj7hjzz3dqd6x38dq7zx38snqflrq5kllcu,QmSXg9BPwJxgGf9owcSXE9mDXCv8JgP61KNRBVenN2TofQ
2199024546034,85,unpack.gems,2023-04-28T01:05:47,bc1pdpw84zm75hnghkdaz65rnct67klr78rsggkdp0f9kcywxrz0rftq02yxnz,QmQ8VHwZrmL6TYrBuqm89SKGvKEyU953E1yjMBwvBFPfja
2199024546042,93,unpack.gems,2023-04-24T13:17:28,bc1pdpw84zm75hnghkdaz65rnct67klr78rsggkdp0f9kcywxrz0rftq02yxnz,QmWJSfLtgDjrZfykScEM2V9tSxwcTLcSUH6UCSAxteTnPF
2199024546055,104,unpack.gems,2023-04-28T01:05:47,bc1pdpw84zm75hnghkdaz65rnct67klr78rsggkdp0f9kcywxrz0rftq02yxnz,QmUB5iPDELhk4YGkSkbaXXAKPE6V5iJGnowZjx43RCogxt
2199024546080,129,zhangxinchun,2023-03-16T01:08:37,bc1phph9dt0ph0muvtjj3hrnp7ktlrel0hqf74fge7x79zxk0qewnxqsxwp7wk,QmPSCKhVK7XXXNwiK8J45otRPkpqrakuXHwe6NE7gRa9hA
2199024546082,131,svensvensven,2023-03-18T20:20:18,bc1phvssj8ux0ry058xxcf59sa9ta482yaj7fqrs58xs7u3puvqcafrqmrx57u,QmW3LmS2eW5QJsptNzAnV23crTxGALbKqskYLvy8iqMvxW
2199024546083,132,unpack.gems,2023-04-28T01:05:47,bc1pdpw84zm75hnghkdaz65rnct67klr78rsggkdp0f9kcywxrz0rftq02yxnz,QmSF6pDZBzkDDXxjEQUBU4ibjRHHHJVTNsZL6dnMuoU84E
2199024546089,138,denis.gm,2023-03-15T00:39:30,bc1pl5f3lr7ff8xhf2ra4znrfc4eg4gg8f3t2a6hw4w5rjw87p0tn9ssxtzrsk,QmSnhDLDLFyJENrNfXbc7uGcK8mQk1PdhCVCdc7TfffMS5
2199024546099,148,huanghe.im,2023-03-16T01:29:12,bc1pfp7j70tr2w7ur8a9stursc3y8en3suvp79ktvf0jlqlpkl7397sslpl2dq,QmXBjRQfKoyqv1tdswKWExx8Di1vWGH58vsrf9ciqVStUr
2199024546111,160,unpack.gems,2023-04-22T19:43:36,bc1pdpw84zm75hnghkdaz65rnct67klr78rsggkdp0f9kcywxrz0rftq02yxnz,QmSARrR2beHvEadDv33G5vy4rSEp8d33huhksvWtZMfS66
2199024546124,173,zeldanna.gm,2023-03-26T16:59:45,bc1ptxvlktdjwj9huhqw38s8h3pv0un5kmf3e65vj03hnntpgh0f9tpqlenaft,QmVttFcFd9X6P45npPtr3KJLronpsoTGLuWzTqDFGXGMjU
2199024546175,224,unpack.gems,2023-04-22T20:01:02,bc1pdpw84zm75hnghkdaz65rnct67klr78rsggkdp0f9kcywxrz0rftq02yxnz,QmP6G5bdUZ9AabqJuPV5HpqWP3s85cJXejy2aJVLXNByAy
2199024546180,229,gy2dimjzgmge,2023-03-15T10:22:03,bc1pql9ha0tfqmc25xj225e895p0svjrkzh5g7q0hfcrwzdna0xr433qveg6ng,QmXr31iePejSg53fxghuPu63zkkJsUYS7geY4FKLmB236c
2199024546206,255,manermakeman,2023-04-18T12:02:24,bc1pavxmr2swgek3jdlk97zedqa8jkkm0p9fl7n907u2j0u7usyj5x9qs8adrr,QmcA4Ps2HUDBpCMUdLc8B4EwXtD3HrDgicCVFxzo7k5vmh
2199024546218,267,unpack.gems,2023-04-24T13:17:28,bc1pdpw84zm75hnghkdaz65rnct67klr78rsggkdp0f9kcywxrz0rftq02yxnz,QmT7VNCseHVuLn41TUJjchYunB2CyHBp1kUTubYoD15DXr
2199024546222,271,unpack.gems,2023-04-28T01:05:47,bc1pdpw84zm75hnghkdaz65rnct67klr78rsggkdp0f9kcywxrz0rftq02yxnz,QmdtZ5tKyrrWsVAeNV7hap9qezxr1sZwCcMsgSGxhGk6yH
2199024546240,289,unpack.gems,2023-04-24T13:17:28,bc1pdpw84zm75hnghkdaz65rnct67klr78rsggkdp0f9kcywxrz0rftq02yxnz,QmbmJcyLSdDzMYxJpAF5vAXcacQqEZvojeEH7EAZQ8MvFx
2199024546251,300,unpack.gems,2023-04-28T01:05:47,bc1pdpw84zm75hnghkdaz65rnct67klr78rsggkdp0f9kcywxrz0rftq02yxnz,Qmb5hDPujjDwLNs9PEfsZoTd3Pr4kq6kqJuqjzzNzuhAML
2199024546262,311,unpack.gems,2023-04-28T01:05:47,bc1pdpw84zm75hnghkdaz65rnct67klr78rsggkdp0f9kcywxrz0rftq02yxnz,QmUYHm1gPsNTdnsCX7PjyPmeFy59WrisiGrCmf6ynTwDXj
2199024546263,312,machwire4eos,2023-03-16T10:29:42,bc1pteaxxxthrtn3zhncl349sfld7dmce7dfzv7d5mcfe8tdqsl5nj5s5ctjhs,QmX7cnBNgNYF5YfnbKkc3ycLW14cjZToroFTkxYxcXUkLu
2199024546267,316,unpack.gems,2023-04-28T01:05:47,bc1pdpw84zm75hnghkdaz65rnct67klr78rsggkdp0f9kcywxrz0rftq02yxnz,QmdGhwLbWVJzFBaYK2idzSxytCeaQiRcEnnjmyJhg3rjEz
2199024546276,325,jose.gem,2023-04-16T16:29:48,bc1ps6jh7mzer998cm4r0we33rslddvd7rhyg46usrrqrd7604qaf4psfjhpew,QmTu1SEk75H2Q8qRFggaq2PMeM3MPNTzxENnKAgF6MdZxR
2199024546305,354,janaschiffer,2023-03-15T23:23:21,bc1pgzd08vu6qkneg9gld9g2vl06q7mq87p89jh8pfkadjvf794u8tms7khz3w,QmVPT23MpJXyJpZvFTtbhtPxWHP8rDq2zVJV2JZUxPqtu4
2199024546312,361,butterflysun,2023-04-20T11:34:41,bc1pstrwjdhf7rzkrhqw8xnlp79a6l7rpeduv938zdzc6kkly5znfdeqdcs79j,QmVP7e4XfEMWGw4dAtYrVLkMve3Do8xD118knvAPY8XiCf
2199024546320,369,unpack.gems,2023-04-24T13:17:28,bc1pdpw84zm75hnghkdaz65rnct67klr78rsggkdp0f9kcywxrz0rftq02yxnz,QmdWAXKu11HoDQoGozyoe5PEznNJPtny2W3xZRBFUbjdzk
2199024546340,389,keyes,2023-04-10T14:15:42,bc1peh2gh5dvmwanle2csl062ps2v8dan20f80e3cjksk573we5g3nus4szw83,QmbjYoqasJcTQEHtMHiPNaovRZuSKgf9FRiEdBD2jufGRX
2199024546344,393,unpack.gems,2023-04-24T13:17:28,bc1pdpw84zm75hnghkdaz65rnct67klr78rsggkdp0f9kcywxrz0rftq02yxnz,QmRApXKkzs37vodppxgMzPxBP3WVdAXqb34vpcer6TUqD6
2199024546361,410,unpack.gems,2023-04-22T20:01:02,bc1pdpw84zm75hnghkdaz65rnct67klr78rsggkdp0f9kcywxrz0rftq02yxnz,QmTtYqHG7YHmD3wJ28aqVJkD1cENV9Bh5Y8YUjkw4YUTSJ
2199024546371,420,geydmmrsgage,2023-03-20T02:44:48,bc1puprrdpme52ynf7srdhkshx0g28s0gskfnu376aeecz5tm8zzay2sazkjrq,QmZspHcuKe7XW14cVd1Zjdzy8T6Kg5fwsYcB6gSboRf6RN
2199024546373,422,unpack.gems,2023-04-22T20:01:02,bc1pdpw84zm75hnghkdaz65rnct67klr78rsggkdp0f9kcywxrz0rftq02yxnz,QmXUyzyz6Ki5KhbYprFFGvnbG5yanxLNyJk1NYvfK3LFeb
2199024546397,446,zhangxinchun,2023-03-16T01:07:52,bc1phph9dt0ph0muvtjj3hrnp7ktlrel0hqf74fge7x79zxk0qewnxqsxwp7wk,QmUb4hjDbHduurKgP8PU8W34rQCbHEUXUSxrVJf2GEwMLU
2199024546407,456,awdnaylyc.gm,2023-03-27T00:48:06,bc1plwet9g5mxpktzc2srqz2swhg4gn2sy86438022dg98mjlzkd9qdqmv4cx7,QmeGnTK2yraAeqwSryam5gvjEoTPr7mXB4jxuPD8eL163A
2199024546411,460,djrelayereos,2023-03-15T22:39:18,bc1p7l8z8eqy03d6gtat9kq5h8xwkzyf83fvp24g3r5wdjkdqztyt9qs8jqaye,Qme2MyawY6ZYtZja4k1YwmMBLQ6wwVQbGmywp2dqPhXfM2
2199024546416,465,seekingshine,2023-03-30T05:46:57,bc1pdxmd96vh4sn7fpdarulca7f055yp6zankr7waluak3rsws98rjfsuaj7my,Qmf3QAtc36q9eD89yD58xeT8KoSknfxZFmD5Pg8UmwK9cZ
2199024546418,467,jose.gem,2023-04-17T13:03:17,bc1ps6jh7mzer998cm4r0we33rslddvd7rhyg46usrrqrd7604qaf4psfjhpew,QmPDhWsit8Swraoza97AVKs9jtkTwSgFqCqM2mpx5EK1xo
2199024546432,481,changwoon.gm,2023-03-16T01:54:44,bc1pj4er8mjpqy6t8penq5zdmf4lfqqen583d78nw054awlud2hhy02qeafvw8,QmUKLaDJZBmATJEPooXLJvAjUXH7UYpQsuAMahNp7t71WA
2199024546454,503,unpack.gems,2023-04-24T13:17:28,bc1pdpw84zm75hnghkdaz65rnct67klr78rsggkdp0f9kcywxrz0rftq02yxnz,QmdXeKd3F1oP6KDkKa37niwsrrSoeNMDYSVa2rMBQKYYop
2199024546457,506,janaschiffer,2023-03-15T23:22:57,bc1pgzd08vu6qkneg9gld9g2vl06q7mq87p89jh8pfkadjvf794u8tms7khz3w,QmdjyTqFH386it6KfqkqMNVGvJ3XLZ8v3mwHhPZHy3FX6Y
2199024546469,518,unpack.gems,2023-04-22T20:01:02,bc1pdpw84zm75hnghkdaz65rnct67klr78rsggkdp0f9kcywxrz0rftq02yxnz,QmVV1TiEM7rXpKTpKtSdkAePA9q2oxxFv7Y9AvPL1JiC9P
2199024546484,533,awdnaylyc.gm,2023-03-27T00:48:18,bc1plwet9g5mxpktzc2srqz2swhg4gn2sy86438022dg98mjlzkd9qdqmv4cx7,QmR7XPe18q4VuVAJwwxNNMprkgGKmeFB8wCptfYpjDuoYY
2199024546485,534,trantienthuc,2023-03-15T03:57:20,bc1ps9zcuvmvvg72khnvdyv20wsn85nph5tvcdlq2nuytyxykz2krf3qqxhys4,Qmdhr5mx6QrwruRAoS3zuAFXQTwH7zBw1yVw8HQHU399fY
2199024546491,540,unpack.gems,2023-04-22T20:01:02,bc1pdpw84zm75hnghkdaz65rnct67klr78rsggkdp0f9kcywxrz0rftq02yxnz,QmbSPpcB24bRzv1NF9ZEASvnsEXUqoLbjLzpP76x2FdQkG
2199024546500,549,cypherbadger,2023-03-15T21:39:00,bc1pyq4a6veljax0gxt73yfw86wmuv8nw8mpa34um3vpfct5e983k5wsfclfj3,QmYKf5PxKfqRjtf8DBwrwjFfwbQwkJx2VBjRiNJ5hj72q6
2199024546503,552,unpack.gems,2023-04-22T20:01:02,bc1pdpw84zm75hnghkdaz65rnct67klr78rsggkdp0f9kcywxrz0rftq02yxnz,QmYF1sE7Z3xxeS5ZLkqbBzLbcBkM6VGd2mY2vZHGHN2Z89
2199024546523,572,gm3dgobzgage,2023-03-28T06:06:24,bc1pdmxp7szn6xn43j5qvku8vrqmmv9xtcc49r2gymqn00xm3fptcywsuh3mtz,QmPX6sewZutUhLMJfov3hiFCYAxVbQ21oemrnsjeKRTWQn
2199024546529,578,unpack.gems,2023-04-22T20:01:02,bc1pdpw84zm75hnghkdaz65rnct67klr78rsggkdp0f9kcywxrz0rftq02yxnz,QmeQAPkgZA68wr3dnodabofpgyVivSVFw5WB5aFe1QVpRv
2199024546534,583,jc.gm,2023-03-26T21:26:28,bc1p5mh2mtrh77tz477lac2vfucetwrwhva4gys6r9wlx887axhzlqyqlxyyld,QmfUPd5fHaFYr18RCx8aYCzNTfYEsLcvi1HfNAqTMZdnjR
2199024546547,596,unpack.gems,2023-04-24T13:17:28,bc1pdpw84zm75hnghkdaz65rnct67klr78rsggkdp0f9kcywxrz0rftq02yxnz,QmQsuqb8DC5wKRkVza4wVCuBuMtpCBWk24jMwp1kf3QSnC
2199024546582,631,unpack.gems,2023-04-22T20:01:02,bc1pdpw84zm75hnghkdaz65rnct67klr78rsggkdp0f9kcywxrz0rftq02yxnz,QmaAS1eVTwqXmo6iiCYUEQ2BKYSih7W9SrJngLNrzqH9uu
2199024546591,640,keyes,2023-04-10T14:17:06,bc1peh2gh5dvmwanle2csl062ps2v8dan20f80e3cjksk573we5g3nus4szw83,QmbDXGpo7JRuRHjbNmUdZQUhSfNwxHMDMt3epzVxHfg3Fq
2199024546597,646,unpack.gems,2023-04-28T01:05:47,bc1pdpw84zm75hnghkdaz65rnct67klr78rsggkdp0f9kcywxrz0rftq02yxnz,QmVyEkGhMRfqEYTwA9fZtotJoGE6hNhzZhS7GuVZ2s8KWv
2199024546602,651,unpack.gems,2023-04-24T13:17:28,bc1pdpw84zm75hnghkdaz65rnct67klr78rsggkdp0f9kcywxrz0rftq02yxnz,QmNPE1gENQgRtJpCJDN2N8G3HfpQVYXLdwxuBoBzhL574n
2199024546606,655,martinbreuer,2023-03-16T01:00:54,bc1px4erk2yprztyux33hp3hnwx4hqqqnln606cvfm2qxr95rfcp5aeslwnk0k,QmPUMKVJys9YUJJ6vHCZYiJcq5TzCagscbyRxRkgveug8u
2199024546609,658,unpack.gems,2023-04-22T20:01:02,bc1pdpw84zm75hnghkdaz65rnct67klr78rsggkdp0f9kcywxrz0rftq02yxnz,QmSWjyavp8ZxLCmTVTq8iDudURGrL9cFtUs4kiJbQpiPWt
2199024546622,671,unpack.gems,2023-04-28T01:05:47,bc1pdpw84zm75hnghkdaz65rnct67klr78rsggkdp0f9kcywxrz0rftq02yxnz,QmdSBAJsPQ2yAUzjg6yF3hDHzxHK9BTB4yBhoniPB8wy68
2199024546625,674,steph,2023-03-15T18:24:30,bc1p932zyz32ttpudfrlc5kuj6kfj7hjzz3dqd6x38dq7zx38snqflrq5kllcu,QmXbb31f9W8evxXLsdMUuQYovdDrCKVH3zEiidzr6vjQfB
2199024546630,679,unpack.gems,2023-04-24T13:17:28,bc1pdpw84zm75hnghkdaz65rnct67klr78rsggkdp0f9kcywxrz0rftq02yxnz,QmWutoihTRJ1d89Z5YcbS5fRpfXn9FiTtmV6kfjRv75HBc
2199024546636,685,unpack.gems,2023-04-24T13:17:28,bc1pdpw84zm75hnghkdaz65rnct67klr78rsggkdp0f9kcywxrz0rftq02yxnz,QmULLLwotGx18iQ6mu1cLxQ5pA7npAexeAZqbpQYiaNXPu
2199024546657,706,gm3dgobzgage,2023-03-28T06:04:36,bc1pdmxp7szn6xn43j5qvku8vrqmmv9xtcc49r2gymqn00xm3fptcywsuh3mtz,QmNtTi7DhcF43vHRjLG766FSeP3gKXMYKzuszJQMaSiRF6
2199024546659,708,unpack.gems,2023-04-24T13:17:28,bc1pdpw84zm75hnghkdaz65rnct67klr78rsggkdp0f9kcywxrz0rftq02yxnz,QmUQpppXUNGXGes4jXdz82pUXC2sm4w7NdJRShHsUq6GPK
2199024546668,717,cypherbadger,2023-03-15T21:38:44,bc1pyq4a6veljax0gxt73yfw86wmuv8nw8mpa34um3vpfct5e983k5wsfclfj3,QmbMm6Ai3im1DHHjQZCV7zGuumYDMBaR6ea3zHwZ8ye3bj
2199024546684,733,unpack.gems,2023-04-24T13:17:28,bc1pdpw84zm75hnghkdaz65rnct67klr78rsggkdp0f9kcywxrz0rftq02yxnz,QmXKS4doHYDGtwJbbZS2dx73F8tzcLH7gexx74QR3XmCiR
2199024546691,740,nft.sx,2023-03-27T12:48:18,bc1p5zyr40hgj85rskuhptntf4sgpmu2rxx6plwdc9dgpdknnl5wfqtqdykett,QmYumsWLpbQSyEwDooXFgr2xsUi4fW6RkAFSGj6GCHJh4G
2199024546697,746,unpack.gems,2023-04-24T13:17:28,bc1pdpw84zm75hnghkdaz65rnct67klr78rsggkdp0f9kcywxrz0rftq02yxnz,QmYShM9s762DdV9svCiXamWjsktMGGn6JLcr8ZHrjbqzE8
2199024546713,762,unpack.gems,2023-04-24T13:17:28,bc1pdpw84zm75hnghkdaz65rnct67klr78rsggkdp0f9kcywxrz0rftq02yxnz,QmVGfap5S1kEiM2KHYMo7s8fEBehnKALQpZqu9Qt5LoiAM
2199024546733,782,unpack.gems,2023-04-22T20:01:02,bc1pdpw84zm75hnghkdaz65rnct67klr78rsggkdp0f9kcywxrz0rftq02yxnz,QmbktW3HAwvqKZNGcJ5pjDs4FB3LhcMY7UExdoFHM2rDeL
2199024546742,791,unpack.gems,2023-04-22T20:01:02,bc1pdpw84zm75hnghkdaz65rnct67klr78rsggkdp0f9kcywxrz0rftq02yxnz,QmWXN54BmwYrQLdysySW1UffK6UC8ifJvMrsBwCwWxH39Q
2199024546746,795,martinbreuer,2023-03-16T00:57:42,bc1px4erk2yprztyux33hp3hnwx4hqqqnln606cvfm2qxr95rfcp5aeslwnk0k,QmVZkYQrKtAWkFNa79dRLixqeVmzZ8y7dYxUHyEFDVViCv
2199024546747,796,butterflysun,2023-04-20T11:29:16,bc1pstrwjdhf7rzkrhqw8xnlp79a6l7rpeduv938zdzc6kkly5znfdeqdcs79j,QmVjwPpuTA6nK3t7NPNC2in3dNM7t8UJUxPJ5HGytVAKrx
2199024546750,799,unpack.gems,2023-04-24T13:17:28,bc1pdpw84zm75hnghkdaz65rnct67klr78rsggkdp0f9kcywxrz0rftq02yxnz,QmegCZK3Y4J6nTi1JUdaGxLBAtoU3iMayLZ4S6BtkBY1zh
2199024546803,851,unpack.gems,2023-04-24T13:17:28,bc1pdpw84zm75hnghkdaz65rnct67klr78rsggkdp0f9kcywxrz0rftq02yxnz,QmTcMaLWa7RQ826HnpBhK4hEvktjVU9qz23MhEf6dXGTg6
2199024546814,862,zeldanna.gm,2023-03-26T16:59:31,bc1ptxvlktdjwj9huhqw38s8h3pv0un5kmf3e65vj03hnntpgh0f9tpqlenaft,QmXkKSYEgphnFqqz6ear5x9bunrGWMwvVY4hy9rPd1DA4D
2199024546815,863,mx.eos,2023-03-16T09:16:39,bc1pf32eq9jfa7745768dzkp5ew2mpsp6qv70vwky8zf6xc00g4v3lzsw4yfrl,QmcNJHxxVWAd4NBD77og2pqUZdF39dGPwe8EY7ryyHCT3H
2199024546818,866,unpack.gems,2023-04-28T01:05:47,bc1pdpw84zm75hnghkdaz65rnct67klr78rsggkdp0f9kcywxrz0rftq02yxnz,QmPsiL3JdH3bCgboTnY2TYmR8Vdbyok9ZQJS6hniTJjYQk
2199024546820,868,geydmmrsgage,2023-03-20T02:44:30,bc1puprrdpme52ynf7srdhkshx0g28s0gskfnu376aeecz5tm8zzay2sazkjrq,QmNbYZWT2K5RzUTsRwNeJfJZFutT5X1JXzV7KWFqfTvozm
2199024546825,873,unpack.gems,2023-04-22T20:01:02,bc1pdpw84zm75hnghkdaz65rnct67klr78rsggkdp0f9kcywxrz0rftq02yxnz,QmfPComjJcaycf673M5VrFXSRyJgsHipKgnVLzHkFW88AZ
2199024546833,881,unpack.gems,2023-04-28T01:05:47,bc1pdpw84zm75hnghkdaz65rnct67klr78rsggkdp0f9kcywxrz0rftq02yxnz,QmUQ26hKdXCkcDxzKp1hgtTfuWqxsUxQgTUXyFqjsZpkwN
2199024546841,889,unpack.gems,2023-04-28T01:05:47,bc1pdpw84zm75hnghkdaz65rnct67klr78rsggkdp0f9kcywxrz0rftq02yxnz,QmUQvPeAGmvAr82UoULLd2SjkCWn1dCm6sEGwPRTJWLzj5
2199024546843,891,unpack.gems,2023-04-24T13:17:28,bc1pdpw84zm75hnghkdaz65rnct67klr78rsggkdp0f9kcywxrz0rftq02yxnz,QmTk8NnUWodHNMft8KB1dwx9ktJSJQAhcaftmtPxKJF4e3
2199024546856,904,unpack.gems,2023-04-22T20:01:02,bc1pdpw84zm75hnghkdaz65rnct67klr78rsggkdp0f9kcywxrz0rftq02yxnz,QmeUPrvjrhDQuVTfsakc7JF91WVpinr9SCwmUh7DuH84cB
2199024546859,907,unpack.gems,2023-04-24T13:17:28,bc1pdpw84zm75hnghkdaz65rnct67klr78rsggkdp0f9kcywxrz0rftq02yxnz,QmNvKTQorNCLkc3a9NvZ4oRhBTUoZsRCL6zTpht3qWhfTR
2199024546869,917,unpack.gems,2023-04-22T20:01:02,bc1pdpw84zm75hnghkdaz65rnct67klr78rsggkdp0f9kcywxrz0rftq02yxnz,QmZ3LpFz5yM1LAQpUdNJTSDhA1woPn5k4iThxXUw42bMHM
2199024546872,920,denis.gm,2023-03-15T00:25:13,bc1pl5f3lr7ff8xhf2ra4znrfc4eg4gg8f3t2a6hw4w5rjw87p0tn9ssxtzrsk,QmfWebCspetRCkMcwmCrGcP3qEaezK6ReDcBNJD7FRpdxH
2199024546876,924,unpack.gems,2023-04-24T13:17:28,bc1pdpw84zm75hnghkdaz65rnct67klr78rsggkdp0f9kcywxrz0rftq02yxnz,QmYPD4inu1fPHv96BFB4F4R7ZfCzRCdLLhHJJGA6gxir3c
2199024546902,950,unpack.gems,2023-04-24T13:17:28,bc1pdpw84zm75hnghkdaz65rnct67klr78rsggkdp0f9kcywxrz0rftq02yxnz,QmTLB6sZXYVu7g4AAwwu2xFK6LW7unxkSqJnivZzuHPn57
2199024546905,953,seekingshine,2023-03-30T05:49:00,bc1pdxmd96vh4sn7fpdarulca7f055yp6zankr7waluak3rsws98rjfsuaj7my,QmdNf5Kuw4YMv56YmHz65wr2KpGGv4V65YMSY14dqvQocQ
2199024546911,959,unpack.gems,2023-04-24T13:17:28,bc1pdpw84zm75hnghkdaz65rnct67klr78rsggkdp0f9kcywxrz0rftq02yxnz,QmYpWS4XVRqq78jimNAd1voEXamuw8KL3xhwWyEcBAa2a2
2199024546915,963,unpack.gems,2023-04-22T20:01:02,bc1pdpw84zm75hnghkdaz65rnct67klr78rsggkdp0f9kcywxrz0rftq02yxnz,QmSy9W5TjbkdbZF5V8V3UXBf1a1wR4umWAddiStGSyoNB5
2199024546917,965,geytiojugene,2023-03-20T01:45:42,bc1pfvfj3hrh4aezkdfnra0zmxudt0q352rh0lc5kur4qekrv6uncn7q8w8ydj,Qmb41stdApcEPuXbTxJ8QqmP8C8csRu9ebyUSnvgJQpfSV
2199024546918,966,unpack.gems,2023-04-22T20:01:02,bc1pdpw84zm75hnghkdaz65rnct67klr78rsggkdp0f9kcywxrz0rftq02yxnz,QmSB5k84TWREAzmyFABZfvkBTwvA8fgch4d8pwFxjZ4E2f
2199024546924,972,unpack.gems,2023-04-24T13:17:28,bc1pdpw84zm75hnghkdaz65rnct67klr78rsggkdp0f9kcywxrz0rftq02yxnz,QmRCuNx9sFENcq72zykttdCwfkFNoNCuLjswphnB3sAt1x
2199024546928,976,unpack.gems,2023-04-24T13:17:28,bc1pdpw84zm75hnghkdaz65rnct67klr78rsggkdp0f9kcywxrz0rftq02yxnz,QmQcyQGwFb5aoqBjLUtQFePze9BVoqkAYuX4iz2DWAvZN8
2199024546939,987,nft.sx,2023-03-27T12:49:00,bc1p5zyr40hgj85rskuhptntf4sgpmu2rxx6plwdc9dgpdknnl5wfqtqdykett,QmS7Z22yP1C66yYMMMKQupc1NfhBsTQTjAdwJipSVnikgX
2199024546943,991,unpack.gems,2023-04-24T13:17:28,bc1pdpw84zm75hnghkdaz65rnct67klr78rsggkdp0f9kcywxrz0rftq02yxnz,QmXWietiVL9oegrCsTDsreuwm4dJaoNEVtLYDvVXHZM2RK
